season,mean_ppb,enhancement_ppb,implied_Mt_CH4,official_Mt_CH4,gap_Mt_CH4,gap_pct,observations
Winter,1904.735,34.734985,27.787989,35.5,-7.7120113,-21.723976,77134
Summer,1894.9199,24.919922,19.935938,35.5,-15.564062,-43.84243,227477
Annual Average,1899.8274,29.827393,23.861914,35.5,-11.638086,-32.78334,304611
