year,reported_MtCO2e,reported_Mt_CH4
2015,837.85,33.514
2016,810.37,32.4148
2017,836.55,33.461999999999996
2018,907.29,36.291599999999995
2019,951.92,38.0768
2020,892.0,35.68
2021,866.74,34.6696
2022,886.67,35.4668
